Method,n_iter,n_fold,F1_N,F1_A,F1_O,F1_P,F1,F1_std
XGBoost_VariabilityStats,0,5,0.8258465604640275,0.6733916531849014,0.5116793828441504,0.5116793828441504,0.5834447311670372,0.014698452457029412
