Method,n_iter,n_fold,F1_N,F1_A,F1_O,F1_P,F1
XGBoost_BasicStats20,0,5,0.8766868310842253,0.6778523489932885,0.6689734717416379,0.5208333333333334,0.6860864962881214
XGBoost_BasicStats20,1,5,0.8755890669180019,0.6689655172413792,0.6651884700665187,0.5208333333333334,0.6826440968898083
